<?xml version="1.0" standalone="no" ?>

<Data>
  
  <integer Name="KeyboardScrollSpeed"  Value = "18" />
  <string  Name="TileImages"           Value = "assets\gfx\blocks99-fs8.png" />
  <string  Name="BaseImages"           Value = "assets\gfx\base_icons-fs8.png" />
  
  <integer Name="MapWidth"   Value = "128" />
  <integer Name="MapHeight"  Value = "128" />



  <string  Name="Layer1"           Value = "First Layer" />
  <string  Name="Layer2"           Value = "Second Layer" />
  <string  Name="Layer3"           Value = "Tyre Marks" />
  <string  Name="Layer4"           Value = "Top Layer" />
  <string  Name="Layer5"           Value = "Arrow Layer" />
  <string  Name="Layer6"           Value = "Start Layer" />
  <string  Name="Layer7"           Value = "SPARE1" />
  <string  Name="Layer8"           Value = "SPARE2" />
  <string  Name="Layer9"           Value = "SPARE3" />
  

</Data>

